{"LC Men": {"50m freestyle": "20.91", "100m freestyle": "46.80", "200m freestyle": "1:42.00", "400m freestyle": "3:40.07", "800m freestyle": "7:32.12", "1500m freestyle": "14:31.02", "50m backstroke": "23.55", "100m backstroke": "51.60", "200m backstroke": "1:51.92", "50m breaststroke": "25.95", "100m breaststroke": "56.88", "200m breaststroke": "2:05.48", "50m butterfly": "22.27", "100m butterfly": "49.45", "200m butterfly": "1:50.34", "200m individual medley": "1:54.00", "400m individual medley": "4:02.50"}, "LC Women": {"50m freestyle": "23.61", "100m freestyle": "51.71", "200m freestyle": "1:52.85", "400m freestyle": "3:55.38", "800m freestyle": "8:04.79", "1500m freestyle": "15:20.48", "50m backstroke": "26.86", "100m backstroke": "57.33", "200m backstroke": "2:03.14", "50m breaststroke": "29.16", "100m breaststroke": "1:04.13", "200m breaststroke": "2:17.55", "50m butterfly": "24.43", "100m butterfly": "55.48", "200m butterfly": "2:01.81", "200m individual medley": "2:06.12", "400m individual medley": "4:25.87"}, "SC Men": {"50m freestyle": "20.16", "100m freestyle": "44.84", "200m freestyle": "1:39.37", "400m freestyle": "3:32.25", "800m freestyle": "7:20.46", "1500m freestyle": "14:06.88", "50m backstroke": "22.11", "100m backstroke": "48.33", "200m backstroke": "1:45.63", "50m breaststroke": "24.95", "100m breaststroke": "55.28", "200m breaststroke": "2:00.16", "50m butterfly": "21.75", "100m butterfly": "47.78", "200m butterfly": "1:46.85", "100m individual medley": "49.28", "200m individual medley": "1:49.63", "400m individual medley": "3:54.81"}, "SC Women": {"50m freestyle": "22.93", "100m freestyle": "50.25", "200m freestyle": "1:50.31", "400m freestyle": "3:51.30", "800m freestyle": "7:57.42", "1500m freestyle": "15:08.24", "50m backstroke": "25.25", "100m backstroke": "54.89", "200m backstroke": "1:58.94", "50m breaststroke": "28.37", "100m breaststroke": "1:02.36", "200m breaststroke": "2:14.57", "50m butterfly": "24.38", "100m butterfly": "54.05", "200m butterfly": "1:59.61", "100m individual medley": "56.51", "200m individual medley": "2:01.86", "400m individual medley": "4:18.94"}}